<?xml version="1.0" encoding="UTF-8"?>
<preferences>
 <debug showDebugMenu="0" />
 <systemtable filter="Default">
  <columns>
   <connections preferredWidth="127" />
   <irq preferredWidth="34" />
  </columns>
 </systemtable>
 <clocktable>
  <columns>
   <clockname preferredWidth="181" />
   <clocksource preferredWidth="180" />
   <frequency preferredWidth="168" />
  </columns>
 </clocktable>
 <library
   expandedCategories="Library/Peripherals/Microcontroller Peripherals,Library/Peripherals,Library,Project" />
 <window width="1100" height="720" x="0" y="0" />
 <generation
   simulation="VERILOG"
   testbench_system="SIMPLE"
   testbench_simulation="VERILOG" />
</preferences>
