<?xml version="1.0" encoding="UTF-8"?>
<preferences>
 <debug showDebugMenu="0" />
 <systemtable>
  <columns>
   <connections preferredWidth="143" />
   <irq preferredWidth="34" />
  </columns>
 </systemtable>
 <clocktable>
  <columns>
   <clockname preferredWidth="259" />
   <clocksource preferredWidth="258" />
   <frequency preferredWidth="239" />
  </columns>
 </clocktable>
 <window width="1382" height="736" x="-8" y="-8" />
 <library
   expandedCategories="Library/Qsys Interconnect/Memory-Mapped,Library/Memories and Memory Controllers/On-Chip,Library,Library/Qsys Interconnect,Library/Bridges and Adapters,Library/Memories and Memory Controllers,Library/Bridges and Adapters/DMA,Project" />
 <generation
   simulation="VERILOG"
   testbench_system="SIMPLE"
   testbench_simulation="VERILOG" />
</preferences>
