<?xml version="1.0" encoding="UTF-8"?>
<preferences>
 <debug showDebugMenu="0" />
 <systemtable filter="Default">
  <columns>
   <connections preferredWidth="127" />
   <irq preferredWidth="34" />
  </columns>
 </systemtable>
 <clocktable>
  <columns>
   <clockname preferredWidth="269" />
   <clocksource preferredWidth="268" />
   <frequency preferredWidth="249" />
  </columns>
 </clocktable>
 <library expandedCategories="Project,Library" />
 <window width="1100" height="800" x="0" y="0" />
</preferences>
