<?xml version="1.0" encoding="UTF-8"?>
<preferences>
 <debug showDebugMenu="0" />
 <systemtable>
  <columns>
   <connections preferredWidth="127" />
   <irq preferredWidth="34" />
  </columns>
 </systemtable>
 <clocktable>
  <columns>
   <clockname preferredWidth="548" />
   <clocksource preferredWidth="547" />
   <frequency preferredWidth="529" />
  </columns>
 </clocktable>
 <library expandedCategories="Library,Project" />
 <window width="1920" height="1030" x="0" y="0" />
 <hdlexample language="VERILOG" />
 <generation testbench_system="SIMPLE" />
</preferences>
