<?xml version="1.0" encoding="UTF-8"?>
<preferences>
 <debug showDebugMenu="0" />
 <systemtable>
  <columns>
   <connections preferredWidth="127" />
   <irq preferredWidth="34" />
   <export preferredWidth="245" />
   <name preferredWidth="193" />
  </columns>
 </systemtable>
 <clocktable>
  <columns>
   <clockname preferredWidth="259" />
   <clocksource preferredWidth="258" />
   <frequency preferredWidth="239" />
  </columns>
 </clocktable>
 <window width="1366" height="720" x="0" y="0" />
 <library
   expandedCategories="Project,Library/Peripherals,Library,Library/Peripherals/Microcontroller Peripherals" />
 <generation
   testbench_system="SIMPLE"
   simulation="VERILOG"
   testbench_simulation="VERILOG" />
</preferences>
