# system info nios_sys_tb on 2025.04.09.15:57:03
system_info:
name,value
DEVICE,EP4CE115F29C8
DEVICE_FAMILY,Cyclone IV E
GENERATION_ID,1744189003
#
#
# Files generated for nios_sys_tb on 2025.04.09.15:57:03
files:
filepath,kind,attributes,module,is_top
nios_sys/testbench/nios_sys_tb/simulation/nios_sys_tb.v,VERILOG,,nios_sys_tb,true
nios_sys/testbench/nios_sys_tb/simulation/submodules/nios_sys.v,VERILOG,,nios_sys,false
nios_sys/testbench/nios_sys_tb/simulation/submodules/verbosity_pkg.sv,SYSTEM_VERILOG, COMMON_SYSTEMVERILOG_PACKAGE=avalon_vip_verbosity_pkg,altera_avalon_clock_source,false
nios_sys/testbench/nios_sys_tb/simulation/submodules/altera_avalon_clock_source.sv,SYSTEM_VERILOG,,altera_avalon_clock_source,false
nios_sys/testbench/nios_sys_tb/simulation/submodules/verbosity_pkg.sv,SYSTEM_VERILOG, COMMON_SYSTEMVERILOG_PACKAGE=avalon_vip_verbosity_pkg,altera_avalon_reset_source,false
nios_sys/testbench/nios_sys_tb/simulation/submodules/altera_avalon_reset_source.sv,SYSTEM_VERILOG,,altera_avalon_reset_source,false
nios_sys/testbench/nios_sys_tb/simulation/submodules/nios_sys_onchip_memory2_0.hex,HEX,,nios_sys_onchip_memory2_0,false
nios_sys/testbench/nios_sys_tb/simulation/submodules/nios_sys_onchip_memory2_0.v,VERILOG,,nios_sys_onchip_memory2_0,false
nios_sys/testbench/nios_sys_tb/simulation/submodules/nios_sys_nios2_qsys_0.sdc,SDC,,nios_sys_nios2_qsys_0,false
nios_sys/testbench/nios_sys_tb/simulation/submodules/nios_sys_nios2_qsys_0.v,VERILOG,,nios_sys_nios2_qsys_0,false
nios_sys/testbench/nios_sys_tb/simulation/submodules/nios_sys_nios2_qsys_0_jtag_debug_module_sysclk.v,VERILOG,,nios_sys_nios2_qsys_0,false
nios_sys/testbench/nios_sys_tb/simulation/submodules/nios_sys_nios2_qsys_0_jtag_debug_module_tck.v,VERILOG,,nios_sys_nios2_qsys_0,false
nios_sys/testbench/nios_sys_tb/simulation/submodules/nios_sys_nios2_qsys_0_jtag_debug_module_wrapper.v,VERILOG,,nios_sys_nios2_qsys_0,false
nios_sys/testbench/nios_sys_tb/simulation/submodules/nios_sys_nios2_qsys_0_nios2_waves.do,OTHER,,nios_sys_nios2_qsys_0,false
nios_sys/testbench/nios_sys_tb/simulation/submodules/nios_sys_nios2_qsys_0_ociram_default_contents.dat,DAT,,nios_sys_nios2_qsys_0,false
nios_sys/testbench/nios_sys_tb/simulation/submodules/nios_sys_nios2_qsys_0_ociram_default_contents.hex,HEX,,nios_sys_nios2_qsys_0,false
nios_sys/testbench/nios_sys_tb/simulation/submodules/nios_sys_nios2_qsys_0_ociram_default_contents.mif,MIF,,nios_sys_nios2_qsys_0,false
nios_sys/testbench/nios_sys_tb/simulation/submodules/nios_sys_nios2_qsys_0_oci_test_bench.v,VERILOG,,nios_sys_nios2_qsys_0,false
nios_sys/testbench/nios_sys_tb/simulation/submodules/nios_sys_nios2_qsys_0_rf_ram_a.dat,DAT,,nios_sys_nios2_qsys_0,false
nios_sys/testbench/nios_sys_tb/simulation/submodules/nios_sys_nios2_qsys_0_rf_ram_a.hex,HEX,,nios_sys_nios2_qsys_0,false
nios_sys/testbench/nios_sys_tb/simulation/submodules/nios_sys_nios2_qsys_0_rf_ram_a.mif,MIF,,nios_sys_nios2_qsys_0,false
nios_sys/testbench/nios_sys_tb/simulation/submodules/nios_sys_nios2_qsys_0_rf_ram_b.dat,DAT,,nios_sys_nios2_qsys_0,false
nios_sys/testbench/nios_sys_tb/simulation/submodules/nios_sys_nios2_qsys_0_rf_ram_b.hex,HEX,,nios_sys_nios2_qsys_0,false
nios_sys/testbench/nios_sys_tb/simulation/submodules/nios_sys_nios2_qsys_0_rf_ram_b.mif,MIF,,nios_sys_nios2_qsys_0,false
nios_sys/testbench/nios_sys_tb/simulation/submodules/nios_sys_nios2_qsys_0_test_bench.v,VERILOG,,nios_sys_nios2_qsys_0,false
nios_sys/testbench/nios_sys_tb/simulation/submodules/nios_sys_jtag_uart_0.v,VERILOG,,nios_sys_jtag_uart_0,false
nios_sys/testbench/nios_sys_tb/simulation/submodules/nios_sys_onchip_memory2_1.hex,HEX,,nios_sys_onchip_memory2_1,false
nios_sys/testbench/nios_sys_tb/simulation/submodules/nios_sys_onchip_memory2_1.v,VERILOG,,nios_sys_onchip_memory2_1,false
nios_sys/testbench/nios_sys_tb/simulation/submodules/nios_sys_dma_0.v,VERILOG,,nios_sys_dma_0,false
nios_sys/testbench/nios_sys_tb/simulation/submodules/nios_sys_mm_interconnect_0.v,VERILOG,,nios_sys_mm_interconnect_0,false
nios_sys/testbench/nios_sys_tb/simulation/submodules/nios_sys_irq_mapper.sv,SYSTEM_VERILOG,,nios_sys_irq_mapper,false
nios_sys/testbench/nios_sys_tb/simulation/submodules/altera_reset_controller.v,VERILOG,,altera_reset_controller,false
nios_sys/testbench/nios_sys_tb/simulation/submodules/altera_reset_synchronizer.v,VERILOG,,altera_reset_controller,false
nios_sys/testbench/nios_sys_tb/simulation/submodules/altera_reset_controller.sdc,SDC,,altera_reset_controller,false
nios_sys/testbench/nios_sys_tb/simulation/submodules/altera_merlin_master_translator.sv,SYSTEM_VERILOG,,altera_merlin_master_translator,false
nios_sys/testbench/nios_sys_tb/simulation/submodules/altera_merlin_slave_translator.sv,SYSTEM_VERILOG,,altera_merlin_slave_translator,false
nios_sys/testbench/nios_sys_tb/simulation/submodules/altera_merlin_master_agent.sv,SYSTEM_VERILOG,,altera_merlin_master_agent,false
nios_sys/testbench/nios_sys_tb/simulation/submodules/altera_merlin_slave_agent.sv,SYSTEM_VERILOG,,altera_merlin_slave_agent,false
nios_sys/testbench/nios_sys_tb/simulation/submodules/altera_merlin_burst_uncompressor.sv,SYSTEM_VERILOG,,altera_merlin_slave_agent,false
nios_sys/testbench/nios_sys_tb/simulation/submodules/altera_avalon_sc_fifo.v,VERILOG,,altera_avalon_sc_fifo,false
nios_sys/testbench/nios_sys_tb/simulation/submodules/nios_sys_mm_interconnect_0_addr_router.sv,SYSTEM_VERILOG,,nios_sys_mm_interconnect_0_addr_router,false
nios_sys/testbench/nios_sys_tb/simulation/submodules/nios_sys_mm_interconnect_0_addr_router_002.sv,SYSTEM_VERILOG,,nios_sys_mm_interconnect_0_addr_router_002,false
nios_sys/testbench/nios_sys_tb/simulation/submodules/nios_sys_mm_interconnect_0_id_router.sv,SYSTEM_VERILOG,,nios_sys_mm_interconnect_0_id_router,false
nios_sys/testbench/nios_sys_tb/simulation/submodules/nios_sys_mm_interconnect_0_id_router_002.sv,SYSTEM_VERILOG,,nios_sys_mm_interconnect_0_id_router_002,false
nios_sys/testbench/nios_sys_tb/simulation/submodules/altera_merlin_traffic_limiter.sv,SYSTEM_VERILOG,,altera_merlin_traffic_limiter,false
nios_sys/testbench/nios_sys_tb/simulation/submodules/altera_merlin_reorder_memory.sv,SYSTEM_VERILOG,,altera_merlin_traffic_limiter,false
nios_sys/testbench/nios_sys_tb/simulation/submodules/altera_avalon_sc_fifo.v,SYSTEM_VERILOG,,altera_merlin_traffic_limiter,false
nios_sys/testbench/nios_sys_tb/simulation/submodules/altera_avalon_st_pipeline_base.v,SYSTEM_VERILOG,,altera_merlin_traffic_limiter,false
nios_sys/testbench/nios_sys_tb/simulation/submodules/nios_sys_mm_interconnect_0_cmd_xbar_demux.sv,SYSTEM_VERILOG,,nios_sys_mm_interconnect_0_cmd_xbar_demux,false
nios_sys/testbench/nios_sys_tb/simulation/submodules/nios_sys_mm_interconnect_0_cmd_xbar_demux_002.sv,SYSTEM_VERILOG,,nios_sys_mm_interconnect_0_cmd_xbar_demux_002,false
nios_sys/testbench/nios_sys_tb/simulation/submodules/nios_sys_mm_interconnect_0_cmd_xbar_demux_003.sv,SYSTEM_VERILOG,,nios_sys_mm_interconnect_0_cmd_xbar_demux_003,false
nios_sys/testbench/nios_sys_tb/simulation/submodules/altera_merlin_arbitrator.sv,SYSTEM_VERILOG,,nios_sys_mm_interconnect_0_cmd_xbar_mux,false
nios_sys/testbench/nios_sys_tb/simulation/submodules/nios_sys_mm_interconnect_0_cmd_xbar_mux.sv,SYSTEM_VERILOG,,nios_sys_mm_interconnect_0_cmd_xbar_mux,false
nios_sys/testbench/nios_sys_tb/simulation/submodules/altera_merlin_arbitrator.sv,SYSTEM_VERILOG,,nios_sys_mm_interconnect_0_cmd_xbar_mux_002,false
nios_sys/testbench/nios_sys_tb/simulation/submodules/nios_sys_mm_interconnect_0_cmd_xbar_mux_002.sv,SYSTEM_VERILOG,,nios_sys_mm_interconnect_0_cmd_xbar_mux_002,false
nios_sys/testbench/nios_sys_tb/simulation/submodules/nios_sys_mm_interconnect_0_rsp_xbar_demux_002.sv,SYSTEM_VERILOG,,nios_sys_mm_interconnect_0_rsp_xbar_demux_002,false
nios_sys/testbench/nios_sys_tb/simulation/submodules/altera_merlin_arbitrator.sv,SYSTEM_VERILOG,,nios_sys_mm_interconnect_0_rsp_xbar_mux,false
nios_sys/testbench/nios_sys_tb/simulation/submodules/nios_sys_mm_interconnect_0_rsp_xbar_mux.sv,SYSTEM_VERILOG,,nios_sys_mm_interconnect_0_rsp_xbar_mux,false
nios_sys/testbench/nios_sys_tb/simulation/submodules/altera_merlin_arbitrator.sv,SYSTEM_VERILOG,,nios_sys_mm_interconnect_0_rsp_xbar_mux_002,false
nios_sys/testbench/nios_sys_tb/simulation/submodules/nios_sys_mm_interconnect_0_rsp_xbar_mux_002.sv,SYSTEM_VERILOG,,nios_sys_mm_interconnect_0_rsp_xbar_mux_002,false
#
# Map from instance-path to kind of module
instances:
instancePath,module
nios_sys_tb.nios_sys_inst,nios_sys
nios_sys_tb.nios_sys_inst.onchip_memory2_0,nios_sys_onchip_memory2_0
nios_sys_tb.nios_sys_inst.nios2_qsys_0,nios_sys_nios2_qsys_0
nios_sys_tb.nios_sys_inst.jtag_uart_0,nios_sys_jtag_uart_0
nios_sys_tb.nios_sys_inst.onchip_memory2_1,nios_sys_onchip_memory2_1
nios_sys_tb.nios_sys_inst.dma_0,nios_sys_dma_0
nios_sys_tb.nios_sys_inst.mm_interconnect_0,nios_sys_mm_interconnect_0
nios_sys_tb.nios_sys_inst.mm_interconnect_0.nios2_qsys_0_instruction_master_translator,altera_merlin_master_translator
nios_sys_tb.nios_sys_inst.mm_interconnect_0.nios2_qsys_0_data_master_translator,altera_merlin_master_translator
nios_sys_tb.nios_sys_inst.mm_interconnect_0.dma_0_read_master_translator,altera_merlin_master_translator
nios_sys_tb.nios_sys_inst.mm_interconnect_0.dma_0_write_master_translator,altera_merlin_master_translator
nios_sys_tb.nios_sys_inst.mm_interconnect_0.nios2_qsys_0_jtag_debug_module_translator,altera_merlin_slave_translator
nios_sys_tb.nios_sys_inst.mm_interconnect_0.jtag_uart_0_avalon_jtag_slave_translator,altera_merlin_slave_translator
nios_sys_tb.nios_sys_inst.mm_interconnect_0.onchip_memory2_0_s1_translator,altera_merlin_slave_translator
nios_sys_tb.nios_sys_inst.mm_interconnect_0.onchip_memory2_1_s1_translator,altera_merlin_slave_translator
nios_sys_tb.nios_sys_inst.mm_interconnect_0.dma_0_control_port_slave_translator,altera_merlin_slave_translator
nios_sys_tb.nios_sys_inst.mm_interconnect_0.nios2_qsys_0_instruction_master_translator_avalon_universal_master_0_agent,altera_merlin_master_agent
nios_sys_tb.nios_sys_inst.mm_interconnect_0.nios2_qsys_0_data_master_translator_avalon_universal_master_0_agent,altera_merlin_master_agent
nios_sys_tb.nios_sys_inst.mm_interconnect_0.dma_0_read_master_translator_avalon_universal_master_0_agent,altera_merlin_master_agent
nios_sys_tb.nios_sys_inst.mm_interconnect_0.dma_0_write_master_translator_avalon_universal_master_0_agent,altera_merlin_master_agent
nios_sys_tb.nios_sys_inst.mm_interconnect_0.nios2_qsys_0_jtag_debug_module_translator_avalon_universal_slave_0_agent,altera_merlin_slave_agent
nios_sys_tb.nios_sys_inst.mm_interconnect_0.jtag_uart_0_avalon_jtag_slave_translator_avalon_universal_slave_0_agent,altera_merlin_slave_agent
nios_sys_tb.nios_sys_inst.mm_interconnect_0.onchip_memory2_0_s1_translator_avalon_universal_slave_0_agent,altera_merlin_slave_agent
nios_sys_tb.nios_sys_inst.mm_interconnect_0.onchip_memory2_1_s1_translator_avalon_universal_slave_0_agent,altera_merlin_slave_agent
nios_sys_tb.nios_sys_inst.mm_interconnect_0.dma_0_control_port_slave_translator_avalon_universal_slave_0_agent,altera_merlin_slave_agent
nios_sys_tb.nios_sys_inst.mm_interconnect_0.nios2_qsys_0_jtag_debug_module_translator_avalon_universal_slave_0_agent_rsp_fifo,altera_avalon_sc_fifo
nios_sys_tb.nios_sys_inst.mm_interconnect_0.jtag_uart_0_avalon_jtag_slave_translator_avalon_universal_slave_0_agent_rsp_fifo,altera_avalon_sc_fifo
nios_sys_tb.nios_sys_inst.mm_interconnect_0.onchip_memory2_0_s1_translator_avalon_universal_slave_0_agent_rsp_fifo,altera_avalon_sc_fifo
nios_sys_tb.nios_sys_inst.mm_interconnect_0.onchip_memory2_1_s1_translator_avalon_universal_slave_0_agent_rsp_fifo,altera_avalon_sc_fifo
nios_sys_tb.nios_sys_inst.mm_interconnect_0.dma_0_control_port_slave_translator_avalon_universal_slave_0_agent_rsp_fifo,altera_avalon_sc_fifo
nios_sys_tb.nios_sys_inst.mm_interconnect_0.addr_router,nios_sys_mm_interconnect_0_addr_router
nios_sys_tb.nios_sys_inst.mm_interconnect_0.addr_router_001,nios_sys_mm_interconnect_0_addr_router
nios_sys_tb.nios_sys_inst.mm_interconnect_0.addr_router_002,nios_sys_mm_interconnect_0_addr_router_002
nios_sys_tb.nios_sys_inst.mm_interconnect_0.addr_router_003,nios_sys_mm_interconnect_0_addr_router_002
nios_sys_tb.nios_sys_inst.mm_interconnect_0.id_router,nios_sys_mm_interconnect_0_id_router
nios_sys_tb.nios_sys_inst.mm_interconnect_0.id_router_001,nios_sys_mm_interconnect_0_id_router
nios_sys_tb.nios_sys_inst.mm_interconnect_0.id_router_004,nios_sys_mm_interconnect_0_id_router
nios_sys_tb.nios_sys_inst.mm_interconnect_0.id_router_002,nios_sys_mm_interconnect_0_id_router_002
nios_sys_tb.nios_sys_inst.mm_interconnect_0.id_router_003,nios_sys_mm_interconnect_0_id_router_002
nios_sys_tb.nios_sys_inst.mm_interconnect_0.limiter,altera_merlin_traffic_limiter
nios_sys_tb.nios_sys_inst.mm_interconnect_0.cmd_xbar_demux,nios_sys_mm_interconnect_0_cmd_xbar_demux
nios_sys_tb.nios_sys_inst.mm_interconnect_0.cmd_xbar_demux_001,nios_sys_mm_interconnect_0_cmd_xbar_demux
nios_sys_tb.nios_sys_inst.mm_interconnect_0.cmd_xbar_demux_002,nios_sys_mm_interconnect_0_cmd_xbar_demux_002
nios_sys_tb.nios_sys_inst.mm_interconnect_0.cmd_xbar_demux_003,nios_sys_mm_interconnect_0_cmd_xbar_demux_003
nios_sys_tb.nios_sys_inst.mm_interconnect_0.rsp_xbar_demux,nios_sys_mm_interconnect_0_cmd_xbar_demux_003
nios_sys_tb.nios_sys_inst.mm_interconnect_0.rsp_xbar_demux_001,nios_sys_mm_interconnect_0_cmd_xbar_demux_003
nios_sys_tb.nios_sys_inst.mm_interconnect_0.rsp_xbar_demux_004,nios_sys_mm_interconnect_0_cmd_xbar_demux_003
nios_sys_tb.nios_sys_inst.mm_interconnect_0.cmd_xbar_mux,nios_sys_mm_interconnect_0_cmd_xbar_mux
nios_sys_tb.nios_sys_inst.mm_interconnect_0.cmd_xbar_mux_001,nios_sys_mm_interconnect_0_cmd_xbar_mux
nios_sys_tb.nios_sys_inst.mm_interconnect_0.cmd_xbar_mux_004,nios_sys_mm_interconnect_0_cmd_xbar_mux
nios_sys_tb.nios_sys_inst.mm_interconnect_0.cmd_xbar_mux_002,nios_sys_mm_interconnect_0_cmd_xbar_mux_002
nios_sys_tb.nios_sys_inst.mm_interconnect_0.cmd_xbar_mux_003,nios_sys_mm_interconnect_0_cmd_xbar_mux_002
nios_sys_tb.nios_sys_inst.mm_interconnect_0.rsp_xbar_demux_002,nios_sys_mm_interconnect_0_rsp_xbar_demux_002
nios_sys_tb.nios_sys_inst.mm_interconnect_0.rsp_xbar_demux_003,nios_sys_mm_interconnect_0_rsp_xbar_demux_002
nios_sys_tb.nios_sys_inst.mm_interconnect_0.rsp_xbar_mux,nios_sys_mm_interconnect_0_rsp_xbar_mux
nios_sys_tb.nios_sys_inst.mm_interconnect_0.rsp_xbar_mux_001,nios_sys_mm_interconnect_0_rsp_xbar_mux
nios_sys_tb.nios_sys_inst.mm_interconnect_0.rsp_xbar_mux_002,nios_sys_mm_interconnect_0_rsp_xbar_mux_002
nios_sys_tb.nios_sys_inst.mm_interconnect_0.rsp_xbar_mux_003,nios_sys_mm_interconnect_0_rsp_xbar_mux_002
nios_sys_tb.nios_sys_inst.irq_mapper,nios_sys_irq_mapper
nios_sys_tb.nios_sys_inst.rst_controller,altera_reset_controller
nios_sys_tb.nios_sys_inst.rst_controller_001,altera_reset_controller
nios_sys_tb.nios_sys_inst_clk_bfm,altera_avalon_clock_source
nios_sys_tb.nios_sys_inst_reset_bfm,altera_avalon_reset_source
