<?xml version="1.0" encoding="UTF-8"?>
<preferences>
 <debug showDebugMenu="0" />
 <systemtable>
  <columns>
   <connections preferredWidth="111" />
   <irq preferredWidth="34" />
  </columns>
 </systemtable>
 <clocktable>
  <columns>
   <clockname preferredWidth="259" />
   <clocksource preferredWidth="258" />
   <frequency preferredWidth="239" />
  </columns>
 </clocktable>
 <window width="1100" height="689" x="0" y="31" />
 <library expandedCategories="Library,Project" />
 <generation simulation="VERILOG" testbench_system="STANDARD" />
</preferences>
